<?xml version="1.0" encoding="UTF-8"?>
<!DOCTYPE mapper 
PUBLIC "-//mybatis.org//DTD Mapper 3.0//EN"
"http://mybatis.org/dtd/mybatis-3-mapper.dtd" >
 
<mapper namespace="com.prac.board.mapper.APIBoardMapper">
 
    <select id="OasisList" resultType="hashmap" parameterType="hashmap">
        <![CDATA[
        SELECT
            *
        FROM oasis
        ORDER BY oasisid DESC
        LIMIT #{pageStart}, #{perPageNum}
        ]]>
    </select>
    
    <select id="OasisDetail" parameterType="int" resultType="com.prac.board.domain.OasisVO">
    <![CDATA[
        SELECT
            *
        FROM oasis
        WHERE
            oasisid = #{id}
    ]]>
    </select>
    
    <select id="CultureList" resultType="hashmap" parameterType="hashmap">
    <![CDATA[
        SELECT
            *
        FROM culture
        ORDER BY idx DESC
        LIMIT #{pageStart}, #{perPageNum}
    ]]>
    </select>
    
    <select id="CultureDetail" parameterType="int" resultType="com.prac.board.domain.CultureVO">
    <![CDATA[
        SELECT
            *
        FROM culture
        WHERE
            idx = #{idx}
    ]]>
    </select>
    
    <select id="TreasureList" resultType="hashmap" parameterType="hashmap">
    <![CDATA[
       SELECT
            *
        FROM treasure
        ORDER BY idx DESC
        LIMIT #{pageStart}, #{perPageNum}
    ]]>
    </select>
    
    <select id="TreasureDetail" parameterType="int" resultType="com.prac.board.domain.TreasureVO">
    <![CDATA[
        SELECT
            *
        FROM treasure
        WHERE
            idx = #{idx}
    ]]>
    </select>

    <select id="FestivalList" resultType="hashmap" parameterType="hashmap">
    <![CDATA[
        SELECT
            *
        FROM festival
        ORDER BY idx DESC
        LIMIT #{pageStart}, #{perPageNum}
    ]]>
    </select>
    
    <select id="FestivalDetail" parameterType="int" resultType="com.prac.board.domain.FestivalVO">
    <![CDATA[
        SELECT
            *
        FROM festival
        WHERE
            idx = #{idx}
    ]]>
    </select>
    
    <select id="FacilityList" resultType="hashmap" parameterType="hashmap">
    <![CDATA[
        SELECT
            *
        FROM facility
        ORDER BY idx DESC
        LIMIT #{pageStart}, #{perPageNum}
    ]]>
    </select>
    
    <select id="FacilityDetail" parameterType="int" resultType="com.prac.board.domain.FacilityVO">
    <![CDATA[
        SELECT
            *
        FROM facility
        WHERE
            idx = #{idx}
    ]]>
    </select>
    
    <select id="OasisCount" resultType="int">
    	<![CDATA[
        SELECT
            COUNT(*)
        FROM oasis
        ]]>
    </select>
    
    <select id="TreasureCount" resultType="int">
    	<![CDATA[
        SELECT
            COUNT(*)
        FROM treasure
        ]]>
    </select>
    
    <select id="CultureCount" resultType="int">
    	<![CDATA[
        SELECT
            COUNT(*)
        FROM culture
        ]]>
    </select>
    
    <select id="FacilityCount" resultType="int">
    	<![CDATA[
        SELECT
            COUNT(*)
        FROM facility
        ]]>
    </select>
    
    <select id="FestivalCount" resultType="int">
    	<![CDATA[
        SELECT
            COUNT(*)
        FROM festival
        ]]>
    </select>
    
    <select id="OasisMain" resultType="hashmap">
        <![CDATA[
        SELECT
            *
        FROM oasis
        ORDER BY oasisid DESC
        LIMIT 3
        ]]>
    </select>
    
    <select id="TreasureMain" resultType="hashmap">
        <![CDATA[
        SELECT
            *
        FROM treasure
        ORDER BY idx DESC
        LIMIT 3
        ]]>
    </select>
    
    <select id="FacilityMain" resultType="hashmap">
        <![CDATA[
        SELECT
            *
        FROM facility
        ORDER BY idx DESC
        LIMIT 3
        ]]>
    </select>
    
    <select id="FestivalMain" resultType="hashmap">
        <![CDATA[
        SELECT
            *
        FROM festival
        ORDER BY idx DESC
        LIMIT 3
        ]]>
    </select>
    
    <select id="CultureMain" resultType="hashmap">
        <![CDATA[
        SELECT
            *
        FROM culture
        ORDER BY idx DESC
        LIMIT 3
        ]]>
    </select>
    
    <select id="OasisSub" resultType="hashmap" parameterType="String">
        <![CDATA[
        SELECT
            *
        FROM oasis
        WHERE oasisADD like CONCAT('%', #{locat}, '%')
        ORDER BY oasisid DESC
        LIMIT 3
        ]]>
    </select>
    
    <select id="TreasureSub" resultType="hashmap" parameterType="String">
        <![CDATA[
        SELECT
            *
        FROM treasure
        WHERE region like CONCAT('%', #{locat}, '%')
        ORDER BY idx DESC
        LIMIT 3
        ]]>
    </select>
    
    <select id="FacilitySub" resultType="hashmap" parameterType="String">
        <![CDATA[
        SELECT
            *
        FROM facility
        WHERE address like CONCAT('%', #{locat}, '%')
        ORDER BY idx DESC
        LIMIT 3
        ]]>
    </select>
    
    <select id="FestivalSub" resultType="hashmap" parameterType="int">
        <![CDATA[
        SELECT
            *
        FROM festival
        WHERE period like CONCAT('%', #{locat}, '월', '%') OR period = "상설"
        ORDER BY idx ASC
        LIMIT 3
        ]]>
    </select>
    
    <select id="CultureSub" resultType="hashmap" parameterType="com.prac.board.domain.ParameterVO">
        <![CDATA[
        SELECT
            *
        FROM culture
        WHERE place_gugun like CONCAT('%', #{location}, '%') AND #{time} < edate
        ORDER BY idx DESC
        LIMIT 3
        ]]>
    </select>
</mapper>