<?xml version="1.0" encoding="UTF-8"?>
<!DOCTYPE mapper 
PUBLIC "-//mybatis.org//DTD Mapper 3.0//EN"
"http://mybatis.org/dtd/mybatis-3-mapper.dtd" >
 
<mapper namespace="com.prac.board.mapper.APIMapper">
	
    <insert id="oasisInsert" parameterType="com.prac.board.domain.OasisVO">
        INSERT INTO
        OASIS (oasisID, oasisCODE, oasisFD, oasisCT, oasisEXH, oasisADD, oasisNUM)
        VALUES(#{id}, #{code}, #{fd}, #{ct}, #{exh}, #{add}, #{num}) 
    </insert>
    
    <insert id="treasureInsert" parameterType="com.prac.board.domain.TreasureVO">
        INSERT INTO
        treasure (idx, title, region, gubun, number, date, qty, admin, location, poster, description)
        VALUES(#{idx}, #{title}, #{region}, #{gubun}, #{number}, #{date}, #{qty}, #{admin}, #{location}, #{poster}, #{description}) 
    </insert>
    
    <insert id="festivalInsert" parameterType="com.prac.board.domain.FestivalVO">
        INSERT INTO
        festival (idx, title, gubun, organ, syear, period, tel, description)
        VALUES(#{idx}, #{title}, #{gubun}, #{organ}, #{syear}, #{period}, #{tel}, #{description}) 
    </insert>

    <insert id="facilityInsert" parameterType="com.prac.board.domain.FacilityVO">
        INSERT INTO
        facility (idx, title, gubun, cat, address, tel, homepage, poster, description)
        VALUES(#{idx}, #{title}, #{gubun}, #{cat}, #{address}, #{tel}, #{homepage}, #{poster}, #{description}) 
    </insert>
    
    <insert id="cultureInsert" parameterType="com.prac.board.domain.CultureVO">
        INSERT INTO
        culture (idx, title, category, sdate, edate, place, place_gugun, management, fee_case, fee, tel, homepage, poster, description)
        VALUES(#{idx}, #{title}, #{category}, #{sdate}, #{edate}, #{place}, #{place_gugun}, #{management}, #{fee_case}, #{fee}, #{tel}, #{homepage}, #{poster}, #{description}) 
    </insert>
    
    <delete id="oasisDelete">
    	TRUNCATE TABLE oasis
    </delete>
    
     <delete id="treasureDelete">
    	TRUNCATE TABLE treasure
    </delete>
    
     <delete id="facilityDelete">
    	TRUNCATE TABLE facility
    </delete>
    
     <delete id="festivalDelete">
    	TRUNCATE TABLE festival
    </delete>
    
     <delete id="cultureDelete">
    	TRUNCATE TABLE culture
    </delete>
    
    <select id="oasisFind" resultType="int" parameterType="int">
        SELECT
            EXISTS
            (SELECT * FROM oasis WHERE idx = #{idx})
            as success
    </select>
    
    <select id="treasureFind" resultType="int" parameterType="int">
        SELECT
            EXISTS
            (SELECT * FROM treasure WHERE idx = #{idx})
            as success
    </select>
    
    <select id="festivalFind" resultType="int" parameterType="int">
        SELECT
            EXISTS
            (SELECT * FROM festival WHERE idx = #{idx})
            as success
    </select>
    
    <select id="facilityFind" resultType="int" parameterType="int">
        SELECT
            EXISTS
            (SELECT * FROM facility WHERE idx = #{idx})
            as success
    </select>
    
    <select id="cultureFind" resultType="int" parameterType="int">
        SELECT
            EXISTS
            (SELECT * FROM culture WHERE idx = #{idx})
            as success
    </select>
</mapper>