<?xml version="1.0" encoding="UTF-8"?>
<!DOCTYPE mapper 
PUBLIC "-//mybatis.org//DTD Mapper 3.0//EN"
"http://mybatis.org/dtd/mybatis-3-mapper.dtd" >
 
<mapper namespace="com.prac.board.mapper.BoardMapper">
 
    <select id="boardCount" resultType="int">
        SELECT
            COUNT(*)
        FROM board
    </select>
    
    <select id="boardList" resultType="com.prac.board.domain.BoardVO">
        SELECT
            *
        FROM board
    </select>
    
    <select id="boardDetail" parameterType="int" resultType="com.prac.board.domain.BoardVO">
        SELECT
            *
        FROM board
        WHERE
            seq = #{seq}
    </select>
    
    <insert id="boardInsert" parameterType="com.prac.board.domain.BoardVO">
        INSERT INTO
        BOARD (seq, title, content, writer, createDate, cnt)
        VALUES(#{seq}, #{title}, #{content}, #{writer}, now(), 0) 
    </insert>
    
    <update id="boardUpdate" parameterType="com.prac.board.domain.BoardVO">
        UPDATE board
            SET
        <if test="title != null">
            title = #{title}
        </if>
        <if test="title != null and content != null"> , </if>
        <if test="content != null">
            content = #{content}
        </if>
        WHERE seq = #{seq}
    </update>
    
    <delete id="boardDelete" parameterType="int">
        DELETE FROM board WHERE seq = #{seq}
    </delete>
</mapper>