{"name":"tour","classpathEntries":[{"kind":"binary","path":"C:\\Program Files\\Java\\jdk-12.0.2\\lib\\jrt-fs.jar","sourceContainerUrl":"file:/C:/Program%20Files/Java/jdk-12.0.2/lib/src.zip","javadocContainerUrl":"https://docs.oracle.com/javase/12/docs/api/","isSystem":true,"isOwn":false,"isTest":false,"isJavaContent":false},{"kind":"binary","path":"C:\\Users\\kmin0\\.m2\\repository\\org\\springframework\\boot\\spring-boot-starter-web\\2.1.9.RELEASE\\spring-boot-starter-web-2.1.9.RELEASE.jar","sourceContainerUrl":"file:/C:/Users/kmin0/.m2/repository/org/springframework/boot/spring-boot-starter-web/2.1.9.RELEASE/spring-boot-starter-web-2.1.9.RELEASE-sources.jar","isSystem":false,"isOwn":false,"isTest":false,"isJavaContent":false},{"kind":"binary","path":"C:\\Users\\kmin0\\.m2\\repository\\org\\springframework\\boot\\spring-boot-starter\\2.1.9.RELEASE\\spring-boot-starter-2.1.9.RELEASE.jar","sourceContainerUrl":"file:/C:/Users/kmin0/.m2/repository/org/springframework/boot/spring-boot-starter/2.1.9.RELEASE/spring-boot-starter-2.1.9.RELEASE-sources.jar","isSystem":false,"isOwn":false,"isTest":false,"isJavaContent":false},{"kind":"binary","path":"C:\\Users\\kmin0\\.m2\\repository\\org\\springframework\\boot\\spring-boot-starter-logging\\2.1.9.RELEASE\\spring-boot-starter-logging-2.1.9.RELEASE.jar","sourceContainerUrl":"file:/C:/Users/kmin0/.m2/repository/org/springframework/boot/spring-boot-starter-logging/2.1.9.RELEASE/spring-boot-starter-logging-2.1.9.RELEASE-sources.jar","isSystem":false,"isOwn":false,"isTest":false,"isJavaContent":false},{"kind":"binary","path":"C:\\Users\\kmin0\\.m2\\repository\\ch\\qos\\logback\\logback-classic\\1.2.3\\logback-classic-1.2.3.jar","sourceContainerUrl":"file:/C:/Users/kmin0/.m2/repository/ch/qos/logback/logback-classic/1.2.3/logback-classic-1.2.3-sources.jar","javadocContainerUrl":"file:/C:/Users/kmin0/.m2/repository/ch/qos/logback/logback-classic/1.2.3/logback-classic-1.2.3-javadoc.jar","isSystem":false,"isOwn":false,"isTest":false,"isJavaContent":false},{"kind":"binary","path":"C:\\Users\\kmin0\\.m2\\repository\\ch\\qos\\logback\\logback-core\\1.2.3\\logback-core-1.2.3.jar","sourceContainerUrl":"file:/C:/Users/kmin0/.m2/repository/ch/qos/logback/logback-core/1.2.3/logback-core-1.2.3-sources.jar","javadocContainerUrl":"file:/C:/Users/kmin0/.m2/repository/ch/qos/logback/logback-core/1.2.3/logback-core-1.2.3-javadoc.jar","isSystem":false,"isOwn":false,"isTest":false,"isJavaContent":false},{"kind":"binary","path":"C:\\Users\\kmin0\\.m2\\repository\\org\\apache\\logging\\log4j\\log4j-to-slf4j\\2.11.2\\log4j-to-slf4j-2.11.2.jar","sourceContainerUrl":"file:/C:/Users/kmin0/.m2/repository/org/apache/logging/log4j/log4j-to-slf4j/2.11.2/log4j-to-slf4j-2.11.2-sources.jar","javadocContainerUrl":"file:/C:/Users/kmin0/.m2/repository/org/apache/logging/log4j/log4j-to-slf4j/2.11.2/log4j-to-slf4j-2.11.2-javadoc.jar","isSystem":false,"isOwn":false,"isTest":false,"isJavaContent":false},{"kind":"binary","path":"C:\\Users\\kmin0\\.m2\\repository\\org\\apache\\logging\\log4j\\log4j-api\\2.11.2\\log4j-api-2.11.2.jar","sourceContainerUrl":"file:/C:/Users/kmin0/.m2/repository/org/apache/logging/log4j/log4j-api/2.11.2/log4j-api-2.11.2-sources.jar","javadocContainerUrl":"file:/C:/Users/kmin0/.m2/repository/org/apache/logging/log4j/log4j-api/2.11.2/log4j-api-2.11.2-javadoc.jar","isSystem":false,"isOwn":false,"isTest":false,"isJavaContent":false},{"kind":"binary","path":"C:\\Users\\kmin0\\.m2\\repository\\org\\slf4j\\jul-to-slf4j\\1.7.28\\jul-to-slf4j-1.7.28.jar","sourceContainerUrl":"file:/C:/Users/kmin0/.m2/repository/org/slf4j/jul-to-slf4j/1.7.28/jul-to-slf4j-1.7.28-sources.jar","javadocContainerUrl":"file:/C:/Users/kmin0/.m2/repository/org/slf4j/jul-to-slf4j/1.7.28/jul-to-slf4j-1.7.28-javadoc.jar","isSystem":false,"isOwn":false,"isTest":false,"isJavaContent":false},{"kind":"binary","path":"C:\\Users\\kmin0\\.m2\\repository\\javax\\annotation\\javax.annotation-api\\1.3.2\\javax.annotation-api-1.3.2.jar","sourceContainerUrl":"file:/C:/Users/kmin0/.m2/repository/javax/annotation/javax.annotation-api/1.3.2/javax.annotation-api-1.3.2-sources.jar","javadocContainerUrl":"file:/C:/Users/kmin0/.m2/repository/javax/annotation/javax.annotation-api/1.3.2/javax.annotation-api-1.3.2-javadoc.jar","isSystem":false,"isOwn":false,"isTest":false,"isJavaContent":false},{"kind":"binary","path":"C:\\Users\\kmin0\\.m2\\repository\\org\\yaml\\snakeyaml\\1.23\\snakeyaml-1.23.jar","sourceContainerUrl":"file:/C:/Users/kmin0/.m2/repository/org/yaml/snakeyaml/1.23/snakeyaml-1.23-sources.jar","javadocContainerUrl":"file:/C:/Users/kmin0/.m2/repository/org/yaml/snakeyaml/1.23/snakeyaml-1.23-javadoc.jar","isSystem":false,"isOwn":false,"isTest":false,"isJavaContent":false},{"kind":"binary","path":"C:\\Users\\kmin0\\.m2\\repository\\org\\springframework\\boot\\spring-boot-starter-json\\2.1.9.RELEASE\\spring-boot-starter-json-2.1.9.RELEASE.jar","sourceContainerUrl":"file:/C:/Users/kmin0/.m2/repository/org/springframework/boot/spring-boot-starter-json/2.1.9.RELEASE/spring-boot-starter-json-2.1.9.RELEASE-sources.jar","isSystem":false,"isOwn":false,"isTest":false,"isJavaContent":false},{"kind":"binary","path":"C:\\Users\\kmin0\\.m2\\repository\\com\\fasterxml\\jackson\\datatype\\jackson-datatype-jdk8\\2.9.9\\jackson-datatype-jdk8-2.9.9.jar","sourceContainerUrl":"file:/C:/Users/kmin0/.m2/repository/com/fasterxml/jackson/datatype/jackson-datatype-jdk8/2.9.9/jackson-datatype-jdk8-2.9.9-sources.jar","javadocContainerUrl":"file:/C:/Users/kmin0/.m2/repository/com/fasterxml/jackson/datatype/jackson-datatype-jdk8/2.9.9/jackson-datatype-jdk8-2.9.9-javadoc.jar","isSystem":false,"isOwn":false,"isTest":false,"isJavaContent":false},{"kind":"binary","path":"C:\\Users\\kmin0\\.m2\\repository\\com\\fasterxml\\jackson\\datatype\\jackson-datatype-jsr310\\2.9.9\\jackson-datatype-jsr310-2.9.9.jar","sourceContainerUrl":"file:/C:/Users/kmin0/.m2/repository/com/fasterxml/jackson/datatype/jackson-datatype-jsr310/2.9.9/jackson-datatype-jsr310-2.9.9-sources.jar","javadocContainerUrl":"file:/C:/Users/kmin0/.m2/repository/com/fasterxml/jackson/datatype/jackson-datatype-jsr310/2.9.9/jackson-datatype-jsr310-2.9.9-javadoc.jar","isSystem":false,"isOwn":false,"isTest":false,"isJavaContent":false},{"kind":"binary","path":"C:\\Users\\kmin0\\.m2\\repository\\com\\fasterxml\\jackson\\module\\jackson-module-parameter-names\\2.9.9\\jackson-module-parameter-names-2.9.9.jar","sourceContainerUrl":"file:/C:/Users/kmin0/.m2/repository/com/fasterxml/jackson/module/jackson-module-parameter-names/2.9.9/jackson-module-parameter-names-2.9.9-sources.jar","javadocContainerUrl":"file:/C:/Users/kmin0/.m2/repository/com/fasterxml/jackson/module/jackson-module-parameter-names/2.9.9/jackson-module-parameter-names-2.9.9-javadoc.jar","isSystem":false,"isOwn":false,"isTest":false,"isJavaContent":false},{"kind":"binary","path":"C:\\Users\\kmin0\\.m2\\repository\\org\\springframework\\boot\\spring-boot-starter-tomcat\\2.1.9.RELEASE\\spring-boot-starter-tomcat-2.1.9.RELEASE.jar","sourceContainerUrl":"file:/C:/Users/kmin0/.m2/repository/org/springframework/boot/spring-boot-starter-tomcat/2.1.9.RELEASE/spring-boot-starter-tomcat-2.1.9.RELEASE-sources.jar","isSystem":false,"isOwn":false,"isTest":false,"isJavaContent":false},{"kind":"binary","path":"C:\\Users\\kmin0\\.m2\\repository\\org\\apache\\tomcat\\embed\\tomcat-embed-websocket\\9.0.26\\tomcat-embed-websocket-9.0.26.jar","sourceContainerUrl":"file:/C:/Users/kmin0/.m2/repository/org/apache/tomcat/embed/tomcat-embed-websocket/9.0.26/tomcat-embed-websocket-9.0.26-sources.jar","isSystem":false,"isOwn":false,"isTest":false,"isJavaContent":false},{"kind":"binary","path":"C:\\Users\\kmin0\\.m2\\repository\\org\\hibernate\\validator\\hibernate-validator\\6.0.17.Final\\hibernate-validator-6.0.17.Final.jar","sourceContainerUrl":"file:/C:/Users/kmin0/.m2/repository/org/hibernate/validator/hibernate-validator/6.0.17.Final/hibernate-validator-6.0.17.Final-sources.jar","isSystem":false,"isOwn":false,"isTest":false,"isJavaContent":false},{"kind":"binary","path":"C:\\Users\\kmin0\\.m2\\repository\\javax\\validation\\validation-api\\2.0.1.Final\\validation-api-2.0.1.Final.jar","sourceContainerUrl":"file:/C:/Users/kmin0/.m2/repository/javax/validation/validation-api/2.0.1.Final/validation-api-2.0.1.Final-sources.jar","javadocContainerUrl":"file:/C:/Users/kmin0/.m2/repository/javax/validation/validation-api/2.0.1.Final/validation-api-2.0.1.Final-javadoc.jar","isSystem":false,"isOwn":false,"isTest":false,"isJavaContent":false},{"kind":"binary","path":"C:\\Users\\kmin0\\.m2\\repository\\org\\jboss\\logging\\jboss-logging\\3.3.3.Final\\jboss-logging-3.3.3.Final.jar","sourceContainerUrl":"file:/C:/Users/kmin0/.m2/repository/org/jboss/logging/jboss-logging/3.3.3.Final/jboss-logging-3.3.3.Final-sources.jar","javadocContainerUrl":"file:/C:/Users/kmin0/.m2/repository/org/jboss/logging/jboss-logging/3.3.3.Final/jboss-logging-3.3.3.Final-javadoc.jar","isSystem":false,"isOwn":false,"isTest":false,"isJavaContent":false},{"kind":"binary","path":"C:\\Users\\kmin0\\.m2\\repository\\com\\fasterxml\\classmate\\1.4.0\\classmate-1.4.0.jar","sourceContainerUrl":"file:/C:/Users/kmin0/.m2/repository/com/fasterxml/classmate/1.4.0/classmate-1.4.0-sources.jar","javadocContainerUrl":"file:/C:/Users/kmin0/.m2/repository/com/fasterxml/classmate/1.4.0/classmate-1.4.0-javadoc.jar","isSystem":false,"isOwn":false,"isTest":false,"isJavaContent":false},{"kind":"binary","path":"C:\\Users\\kmin0\\.m2\\repository\\org\\springframework\\spring-web\\5.1.10.RELEASE\\spring-web-5.1.10.RELEASE.jar","sourceContainerUrl":"file:/C:/Users/kmin0/.m2/repository/org/springframework/spring-web/5.1.10.RELEASE/spring-web-5.1.10.RELEASE-sources.jar","javadocContainerUrl":"file:/C:/Users/kmin0/.m2/repository/org/springframework/spring-web/5.1.10.RELEASE/spring-web-5.1.10.RELEASE-javadoc.jar","isSystem":false,"isOwn":false,"isTest":false,"isJavaContent":false},{"kind":"binary","path":"C:\\Users\\kmin0\\.m2\\repository\\org\\springframework\\spring-beans\\5.1.10.RELEASE\\spring-beans-5.1.10.RELEASE.jar","sourceContainerUrl":"file:/C:/Users/kmin0/.m2/repository/org/springframework/spring-beans/5.1.10.RELEASE/spring-beans-5.1.10.RELEASE-sources.jar","javadocContainerUrl":"file:/C:/Users/kmin0/.m2/repository/org/springframework/spring-beans/5.1.10.RELEASE/spring-beans-5.1.10.RELEASE-javadoc.jar","isSystem":false,"isOwn":false,"isTest":false,"isJavaContent":false},{"kind":"binary","path":"C:\\Users\\kmin0\\.m2\\repository\\org\\springframework\\spring-webmvc\\5.1.10.RELEASE\\spring-webmvc-5.1.10.RELEASE.jar","sourceContainerUrl":"file:/C:/Users/kmin0/.m2/repository/org/springframework/spring-webmvc/5.1.10.RELEASE/spring-webmvc-5.1.10.RELEASE-sources.jar","javadocContainerUrl":"file:/C:/Users/kmin0/.m2/repository/org/springframework/spring-webmvc/5.1.10.RELEASE/spring-webmvc-5.1.10.RELEASE-javadoc.jar","isSystem":false,"isOwn":false,"isTest":false,"isJavaContent":false},{"kind":"binary","path":"C:\\Users\\kmin0\\.m2\\repository\\org\\springframework\\spring-aop\\5.1.10.RELEASE\\spring-aop-5.1.10.RELEASE.jar","sourceContainerUrl":"file:/C:/Users/kmin0/.m2/repository/org/springframework/spring-aop/5.1.10.RELEASE/spring-aop-5.1.10.RELEASE-sources.jar","javadocContainerUrl":"file:/C:/Users/kmin0/.m2/repository/org/springframework/spring-aop/5.1.10.RELEASE/spring-aop-5.1.10.RELEASE-javadoc.jar","isSystem":false,"isOwn":false,"isTest":false,"isJavaContent":false},{"kind":"binary","path":"C:\\Users\\kmin0\\.m2\\repository\\org\\springframework\\spring-context\\5.1.10.RELEASE\\spring-context-5.1.10.RELEASE.jar","sourceContainerUrl":"file:/C:/Users/kmin0/.m2/repository/org/springframework/spring-context/5.1.10.RELEASE/spring-context-5.1.10.RELEASE-sources.jar","javadocContainerUrl":"file:/C:/Users/kmin0/.m2/repository/org/springframework/spring-context/5.1.10.RELEASE/spring-context-5.1.10.RELEASE-javadoc.jar","isSystem":false,"isOwn":false,"isTest":false,"isJavaContent":false},{"kind":"binary","path":"C:\\Users\\kmin0\\.m2\\repository\\org\\springframework\\spring-expression\\5.1.10.RELEASE\\spring-expression-5.1.10.RELEASE.jar","sourceContainerUrl":"file:/C:/Users/kmin0/.m2/repository/org/springframework/spring-expression/5.1.10.RELEASE/spring-expression-5.1.10.RELEASE-sources.jar","javadocContainerUrl":"file:/C:/Users/kmin0/.m2/repository/org/springframework/spring-expression/5.1.10.RELEASE/spring-expression-5.1.10.RELEASE-javadoc.jar","isSystem":false,"isOwn":false,"isTest":false,"isJavaContent":false},{"kind":"binary","path":"C:\\Users\\kmin0\\.m2\\repository\\org\\springframework\\boot\\spring-boot-devtools\\2.1.9.RELEASE\\spring-boot-devtools-2.1.9.RELEASE.jar","sourceContainerUrl":"file:/C:/Users/kmin0/.m2/repository/org/springframework/boot/spring-boot-devtools/2.1.9.RELEASE/spring-boot-devtools-2.1.9.RELEASE-sources.jar","javadocContainerUrl":"file:/C:/Users/kmin0/.m2/repository/org/springframework/boot/spring-boot-devtools/2.1.9.RELEASE/spring-boot-devtools-2.1.9.RELEASE-javadoc.jar","isSystem":false,"isOwn":false,"isTest":false,"isJavaContent":false},{"kind":"binary","path":"C:\\Users\\kmin0\\.m2\\repository\\org\\springframework\\boot\\spring-boot\\2.1.9.RELEASE\\spring-boot-2.1.9.RELEASE.jar","sourceContainerUrl":"file:/C:/Users/kmin0/.m2/repository/org/springframework/boot/spring-boot/2.1.9.RELEASE/spring-boot-2.1.9.RELEASE-sources.jar","javadocContainerUrl":"file:/C:/Users/kmin0/.m2/repository/org/springframework/boot/spring-boot/2.1.9.RELEASE/spring-boot-2.1.9.RELEASE-javadoc.jar","isSystem":false,"isOwn":false,"isTest":false,"isJavaContent":false},{"kind":"binary","path":"C:\\Users\\kmin0\\.m2\\repository\\org\\springframework\\boot\\spring-boot-autoconfigure\\2.1.9.RELEASE\\spring-boot-autoconfigure-2.1.9.RELEASE.jar","sourceContainerUrl":"file:/C:/Users/kmin0/.m2/repository/org/springframework/boot/spring-boot-autoconfigure/2.1.9.RELEASE/spring-boot-autoconfigure-2.1.9.RELEASE-sources.jar","javadocContainerUrl":"file:/C:/Users/kmin0/.m2/repository/org/springframework/boot/spring-boot-autoconfigure/2.1.9.RELEASE/spring-boot-autoconfigure-2.1.9.RELEASE-javadoc.jar","isSystem":false,"isOwn":false,"isTest":false,"isJavaContent":false},{"kind":"binary","path":"C:\\Users\\kmin0\\.m2\\repository\\org\\projectlombok\\lombok\\1.18.10\\lombok-1.18.10.jar","sourceContainerUrl":"file:/C:/Users/kmin0/.m2/repository/org/projectlombok/lombok/1.18.10/lombok-1.18.10-sources.jar","javadocContainerUrl":"file:/C:/Users/kmin0/.m2/repository/org/projectlombok/lombok/1.18.10/lombok-1.18.10-javadoc.jar","isSystem":false,"isOwn":false,"isTest":false,"isJavaContent":false},{"kind":"binary","path":"C:\\Users\\kmin0\\.m2\\repository\\org\\springframework\\boot\\spring-boot-starter-test\\2.1.9.RELEASE\\spring-boot-starter-test-2.1.9.RELEASE.jar","sourceContainerUrl":"file:/C:/Users/kmin0/.m2/repository/org/springframework/boot/spring-boot-starter-test/2.1.9.RELEASE/spring-boot-starter-test-2.1.9.RELEASE-sources.jar","isSystem":false,"isOwn":false,"isTest":false,"isJavaContent":false},{"kind":"binary","path":"C:\\Users\\kmin0\\.m2\\repository\\org\\springframework\\boot\\spring-boot-test\\2.1.9.RELEASE\\spring-boot-test-2.1.9.RELEASE.jar","sourceContainerUrl":"file:/C:/Users/kmin0/.m2/repository/org/springframework/boot/spring-boot-test/2.1.9.RELEASE/spring-boot-test-2.1.9.RELEASE-sources.jar","javadocContainerUrl":"file:/C:/Users/kmin0/.m2/repository/org/springframework/boot/spring-boot-test/2.1.9.RELEASE/spring-boot-test-2.1.9.RELEASE-javadoc.jar","isSystem":false,"isOwn":false,"isTest":false,"isJavaContent":false},{"kind":"binary","path":"C:\\Users\\kmin0\\.m2\\repository\\org\\springframework\\boot\\spring-boot-test-autoconfigure\\2.1.9.RELEASE\\spring-boot-test-autoconfigure-2.1.9.RELEASE.jar","sourceContainerUrl":"file:/C:/Users/kmin0/.m2/repository/org/springframework/boot/spring-boot-test-autoconfigure/2.1.9.RELEASE/spring-boot-test-autoconfigure-2.1.9.RELEASE-sources.jar","javadocContainerUrl":"file:/C:/Users/kmin0/.m2/repository/org/springframework/boot/spring-boot-test-autoconfigure/2.1.9.RELEASE/spring-boot-test-autoconfigure-2.1.9.RELEASE-javadoc.jar","isSystem":false,"isOwn":false,"isTest":false,"isJavaContent":false},{"kind":"binary","path":"C:\\Users\\kmin0\\.m2\\repository\\com\\jayway\\jsonpath\\json-path\\2.4.0\\json-path-2.4.0.jar","sourceContainerUrl":"file:/C:/Users/kmin0/.m2/repository/com/jayway/jsonpath/json-path/2.4.0/json-path-2.4.0-sources.jar","javadocContainerUrl":"file:/C:/Users/kmin0/.m2/repository/com/jayway/jsonpath/json-path/2.4.0/json-path-2.4.0-javadoc.jar","isSystem":false,"isOwn":false,"isTest":false,"isJavaContent":false},{"kind":"binary","path":"C:\\Users\\kmin0\\.m2\\repository\\net\\minidev\\json-smart\\2.3\\json-smart-2.3.jar","sourceContainerUrl":"file:/C:/Users/kmin0/.m2/repository/net/minidev/json-smart/2.3/json-smart-2.3-sources.jar","javadocContainerUrl":"file:/C:/Users/kmin0/.m2/repository/net/minidev/json-smart/2.3/json-smart-2.3-javadoc.jar","isSystem":false,"isOwn":false,"isTest":false,"isJavaContent":false},{"kind":"binary","path":"C:\\Users\\kmin0\\.m2\\repository\\net\\minidev\\accessors-smart\\1.2\\accessors-smart-1.2.jar","sourceContainerUrl":"file:/C:/Users/kmin0/.m2/repository/net/minidev/accessors-smart/1.2/accessors-smart-1.2-sources.jar","javadocContainerUrl":"file:/C:/Users/kmin0/.m2/repository/net/minidev/accessors-smart/1.2/accessors-smart-1.2-javadoc.jar","isSystem":false,"isOwn":false,"isTest":false,"isJavaContent":false},{"kind":"binary","path":"C:\\Users\\kmin0\\.m2\\repository\\org\\ow2\\asm\\asm\\5.0.4\\asm-5.0.4.jar","sourceContainerUrl":"file:/C:/Users/kmin0/.m2/repository/org/ow2/asm/asm/5.0.4/asm-5.0.4-sources.jar","javadocContainerUrl":"file:/C:/Users/kmin0/.m2/repository/org/ow2/asm/asm/5.0.4/asm-5.0.4-javadoc.jar","isSystem":false,"isOwn":false,"isTest":false,"isJavaContent":false},{"kind":"binary","path":"C:\\Users\\kmin0\\.m2\\repository\\org\\slf4j\\slf4j-api\\1.7.28\\slf4j-api-1.7.28.jar","sourceContainerUrl":"file:/C:/Users/kmin0/.m2/repository/org/slf4j/slf4j-api/1.7.28/slf4j-api-1.7.28-sources.jar","javadocContainerUrl":"file:/C:/Users/kmin0/.m2/repository/org/slf4j/slf4j-api/1.7.28/slf4j-api-1.7.28-javadoc.jar","isSystem":false,"isOwn":false,"isTest":false,"isJavaContent":false},{"kind":"binary","path":"C:\\Users\\kmin0\\.m2\\repository\\junit\\junit\\4.12\\junit-4.12.jar","sourceContainerUrl":"file:/C:/Users/kmin0/.m2/repository/junit/junit/4.12/junit-4.12-sources.jar","javadocContainerUrl":"file:/C:/Users/kmin0/.m2/repository/junit/junit/4.12/junit-4.12-javadoc.jar","isSystem":false,"isOwn":false,"isTest":false,"isJavaContent":false},{"kind":"binary","path":"C:\\Users\\kmin0\\.m2\\repository\\org\\assertj\\assertj-core\\3.11.1\\assertj-core-3.11.1.jar","sourceContainerUrl":"file:/C:/Users/kmin0/.m2/repository/org/assertj/assertj-core/3.11.1/assertj-core-3.11.1-sources.jar","javadocContainerUrl":"file:/C:/Users/kmin0/.m2/repository/org/assertj/assertj-core/3.11.1/assertj-core-3.11.1-javadoc.jar","isSystem":false,"isOwn":false,"isTest":false,"isJavaContent":false},{"kind":"binary","path":"C:\\Users\\kmin0\\.m2\\repository\\org\\mockito\\mockito-core\\2.23.4\\mockito-core-2.23.4.jar","sourceContainerUrl":"file:/C:/Users/kmin0/.m2/repository/org/mockito/mockito-core/2.23.4/mockito-core-2.23.4-sources.jar","javadocContainerUrl":"file:/C:/Users/kmin0/.m2/repository/org/mockito/mockito-core/2.23.4/mockito-core-2.23.4-javadoc.jar","isSystem":false,"isOwn":false,"isTest":false,"isJavaContent":false},{"kind":"binary","path":"C:\\Users\\kmin0\\.m2\\repository\\net\\bytebuddy\\byte-buddy\\1.9.16\\byte-buddy-1.9.16.jar","sourceContainerUrl":"file:/C:/Users/kmin0/.m2/repository/net/bytebuddy/byte-buddy/1.9.16/byte-buddy-1.9.16-sources.jar","javadocContainerUrl":"file:/C:/Users/kmin0/.m2/repository/net/bytebuddy/byte-buddy/1.9.16/byte-buddy-1.9.16-javadoc.jar","isSystem":false,"isOwn":false,"isTest":false,"isJavaContent":false},{"kind":"binary","path":"C:\\Users\\kmin0\\.m2\\repository\\net\\bytebuddy\\byte-buddy-agent\\1.9.16\\byte-buddy-agent-1.9.16.jar","sourceContainerUrl":"file:/C:/Users/kmin0/.m2/repository/net/bytebuddy/byte-buddy-agent/1.9.16/byte-buddy-agent-1.9.16-sources.jar","javadocContainerUrl":"file:/C:/Users/kmin0/.m2/repository/net/bytebuddy/byte-buddy-agent/1.9.16/byte-buddy-agent-1.9.16-javadoc.jar","isSystem":false,"isOwn":false,"isTest":false,"isJavaContent":false},{"kind":"binary","path":"C:\\Users\\kmin0\\.m2\\repository\\org\\objenesis\\objenesis\\2.6\\objenesis-2.6.jar","sourceContainerUrl":"file:/C:/Users/kmin0/.m2/repository/org/objenesis/objenesis/2.6/objenesis-2.6-sources.jar","javadocContainerUrl":"file:/C:/Users/kmin0/.m2/repository/org/objenesis/objenesis/2.6/objenesis-2.6-javadoc.jar","isSystem":false,"isOwn":false,"isTest":false,"isJavaContent":false},{"kind":"binary","path":"C:\\Users\\kmin0\\.m2\\repository\\org\\hamcrest\\hamcrest-core\\1.3\\hamcrest-core-1.3.jar","sourceContainerUrl":"file:/C:/Users/kmin0/.m2/repository/org/hamcrest/hamcrest-core/1.3/hamcrest-core-1.3-sources.jar","javadocContainerUrl":"file:/C:/Users/kmin0/.m2/repository/org/hamcrest/hamcrest-core/1.3/hamcrest-core-1.3-javadoc.jar","isSystem":false,"isOwn":false,"isTest":false,"isJavaContent":false},{"kind":"binary","path":"C:\\Users\\kmin0\\.m2\\repository\\org\\hamcrest\\hamcrest-library\\1.3\\hamcrest-library-1.3.jar","sourceContainerUrl":"file:/C:/Users/kmin0/.m2/repository/org/hamcrest/hamcrest-library/1.3/hamcrest-library-1.3-sources.jar","javadocContainerUrl":"file:/C:/Users/kmin0/.m2/repository/org/hamcrest/hamcrest-library/1.3/hamcrest-library-1.3-javadoc.jar","isSystem":false,"isOwn":false,"isTest":false,"isJavaContent":false},{"kind":"binary","path":"C:\\Users\\kmin0\\.m2\\repository\\org\\skyscreamer\\jsonassert\\1.5.0\\jsonassert-1.5.0.jar","sourceContainerUrl":"file:/C:/Users/kmin0/.m2/repository/org/skyscreamer/jsonassert/1.5.0/jsonassert-1.5.0-sources.jar","javadocContainerUrl":"file:/C:/Users/kmin0/.m2/repository/org/skyscreamer/jsonassert/1.5.0/jsonassert-1.5.0-javadoc.jar","isSystem":false,"isOwn":false,"isTest":false,"isJavaContent":false},{"kind":"binary","path":"C:\\Users\\kmin0\\.m2\\repository\\com\\vaadin\\external\\google\\android-json\\0.0.20131108.vaadin1\\android-json-0.0.20131108.vaadin1.jar","sourceContainerUrl":"file:/C:/Users/kmin0/.m2/repository/com/vaadin/external/google/android-json/0.0.20131108.vaadin1/android-json-0.0.20131108.vaadin1-sources.jar","javadocContainerUrl":"file:/C:/Users/kmin0/.m2/repository/com/vaadin/external/google/android-json/0.0.20131108.vaadin1/android-json-0.0.20131108.vaadin1-javadoc.jar","isSystem":false,"isOwn":false,"isTest":false,"isJavaContent":false},{"kind":"binary","path":"C:\\Users\\kmin0\\.m2\\repository\\org\\springframework\\spring-core\\5.1.10.RELEASE\\spring-core-5.1.10.RELEASE.jar","sourceContainerUrl":"file:/C:/Users/kmin0/.m2/repository/org/springframework/spring-core/5.1.10.RELEASE/spring-core-5.1.10.RELEASE-sources.jar","javadocContainerUrl":"file:/C:/Users/kmin0/.m2/repository/org/springframework/spring-core/5.1.10.RELEASE/spring-core-5.1.10.RELEASE-javadoc.jar","isSystem":false,"isOwn":false,"isTest":false,"isJavaContent":false},{"kind":"binary","path":"C:\\Users\\kmin0\\.m2\\repository\\org\\springframework\\spring-jcl\\5.1.10.RELEASE\\spring-jcl-5.1.10.RELEASE.jar","sourceContainerUrl":"file:/C:/Users/kmin0/.m2/repository/org/springframework/spring-jcl/5.1.10.RELEASE/spring-jcl-5.1.10.RELEASE-sources.jar","javadocContainerUrl":"file:/C:/Users/kmin0/.m2/repository/org/springframework/spring-jcl/5.1.10.RELEASE/spring-jcl-5.1.10.RELEASE-javadoc.jar","isSystem":false,"isOwn":false,"isTest":false,"isJavaContent":false},{"kind":"binary","path":"C:\\Users\\kmin0\\.m2\\repository\\org\\springframework\\spring-test\\5.1.10.RELEASE\\spring-test-5.1.10.RELEASE.jar","sourceContainerUrl":"file:/C:/Users/kmin0/.m2/repository/org/springframework/spring-test/5.1.10.RELEASE/spring-test-5.1.10.RELEASE-sources.jar","javadocContainerUrl":"file:/C:/Users/kmin0/.m2/repository/org/springframework/spring-test/5.1.10.RELEASE/spring-test-5.1.10.RELEASE-javadoc.jar","isSystem":false,"isOwn":false,"isTest":false,"isJavaContent":false},{"kind":"binary","path":"C:\\Users\\kmin0\\.m2\\repository\\org\\xmlunit\\xmlunit-core\\2.6.3\\xmlunit-core-2.6.3.jar","sourceContainerUrl":"file:/C:/Users/kmin0/.m2/repository/org/xmlunit/xmlunit-core/2.6.3/xmlunit-core-2.6.3-sources.jar","javadocContainerUrl":"file:/C:/Users/kmin0/.m2/repository/org/xmlunit/xmlunit-core/2.6.3/xmlunit-core-2.6.3-javadoc.jar","isSystem":false,"isOwn":false,"isTest":false,"isJavaContent":false},{"kind":"binary","path":"C:\\Users\\kmin0\\.m2\\repository\\javax\\xml\\bind\\jaxb-api\\2.3.1\\jaxb-api-2.3.1.jar","sourceContainerUrl":"file:/C:/Users/kmin0/.m2/repository/javax/xml/bind/jaxb-api/2.3.1/jaxb-api-2.3.1-sources.jar","javadocContainerUrl":"file:/C:/Users/kmin0/.m2/repository/javax/xml/bind/jaxb-api/2.3.1/jaxb-api-2.3.1-javadoc.jar","isSystem":false,"isOwn":false,"isTest":false,"isJavaContent":false},{"kind":"binary","path":"C:\\Users\\kmin0\\.m2\\repository\\javax\\activation\\javax.activation-api\\1.2.0\\javax.activation-api-1.2.0.jar","sourceContainerUrl":"file:/C:/Users/kmin0/.m2/repository/javax/activation/javax.activation-api/1.2.0/javax.activation-api-1.2.0-sources.jar","javadocContainerUrl":"file:/C:/Users/kmin0/.m2/repository/javax/activation/javax.activation-api/1.2.0/javax.activation-api-1.2.0-javadoc.jar","isSystem":false,"isOwn":false,"isTest":false,"isJavaContent":false},{"kind":"binary","path":"C:\\Users\\kmin0\\.m2\\repository\\mysql\\mysql-connector-java\\8.0.17\\mysql-connector-java-8.0.17.jar","sourceContainerUrl":"file:/C:/Users/kmin0/.m2/repository/mysql/mysql-connector-java/8.0.17/mysql-connector-java-8.0.17-sources.jar","isSystem":false,"isOwn":false,"isTest":false,"isJavaContent":false},{"kind":"binary","path":"C:\\Users\\kmin0\\.m2\\repository\\javax\\servlet\\jstl\\1.2\\jstl-1.2.jar","sourceContainerUrl":"file:/C:/Users/kmin0/.m2/repository/javax/servlet/jstl/1.2/jstl-1.2-sources.jar","isSystem":false,"isOwn":false,"isTest":false,"isJavaContent":false},{"kind":"binary","path":"C:\\Users\\kmin0\\.m2\\repository\\org\\apache\\tomcat\\embed\\tomcat-embed-jasper\\9.0.26\\tomcat-embed-jasper-9.0.26.jar","sourceContainerUrl":"file:/C:/Users/kmin0/.m2/repository/org/apache/tomcat/embed/tomcat-embed-jasper/9.0.26/tomcat-embed-jasper-9.0.26-sources.jar","isSystem":false,"isOwn":false,"isTest":false,"isJavaContent":false},{"kind":"binary","path":"C:\\Users\\kmin0\\.m2\\repository\\org\\apache\\tomcat\\embed\\tomcat-embed-core\\9.0.26\\tomcat-embed-core-9.0.26.jar","sourceContainerUrl":"file:/C:/Users/kmin0/.m2/repository/org/apache/tomcat/embed/tomcat-embed-core/9.0.26/tomcat-embed-core-9.0.26-sources.jar","isSystem":false,"isOwn":false,"isTest":false,"isJavaContent":false},{"kind":"binary","path":"C:\\Users\\kmin0\\.m2\\repository\\org\\apache\\tomcat\\tomcat-annotations-api\\9.0.26\\tomcat-annotations-api-9.0.26.jar","sourceContainerUrl":"file:/C:/Users/kmin0/.m2/repository/org/apache/tomcat/tomcat-annotations-api/9.0.26/tomcat-annotations-api-9.0.26-sources.jar","isSystem":false,"isOwn":false,"isTest":false,"isJavaContent":false},{"kind":"binary","path":"C:\\Users\\kmin0\\.m2\\repository\\org\\apache\\tomcat\\embed\\tomcat-embed-el\\9.0.26\\tomcat-embed-el-9.0.26.jar","sourceContainerUrl":"file:/C:/Users/kmin0/.m2/repository/org/apache/tomcat/embed/tomcat-embed-el/9.0.26/tomcat-embed-el-9.0.26-sources.jar","isSystem":false,"isOwn":false,"isTest":false,"isJavaContent":false},{"kind":"binary","path":"C:\\Users\\kmin0\\.m2\\repository\\org\\eclipse\\jdt\\ecj\\3.18.0\\ecj-3.18.0.jar","sourceContainerUrl":"file:/C:/Users/kmin0/.m2/repository/org/eclipse/jdt/ecj/3.18.0/ecj-3.18.0-sources.jar","javadocContainerUrl":"file:/C:/Users/kmin0/.m2/repository/org/eclipse/jdt/ecj/3.18.0/ecj-3.18.0-javadoc.jar","isSystem":false,"isOwn":false,"isTest":false,"isJavaContent":false},{"kind":"binary","path":"C:\\Users\\kmin0\\.m2\\repository\\org\\springframework\\boot\\spring-boot-starter-jdbc\\2.1.9.RELEASE\\spring-boot-starter-jdbc-2.1.9.RELEASE.jar","sourceContainerUrl":"file:/C:/Users/kmin0/.m2/repository/org/springframework/boot/spring-boot-starter-jdbc/2.1.9.RELEASE/spring-boot-starter-jdbc-2.1.9.RELEASE-sources.jar","isSystem":false,"isOwn":false,"isTest":false,"isJavaContent":false},{"kind":"binary","path":"C:\\Users\\kmin0\\.m2\\repository\\com\\zaxxer\\HikariCP\\3.2.0\\HikariCP-3.2.0.jar","sourceContainerUrl":"file:/C:/Users/kmin0/.m2/repository/com/zaxxer/HikariCP/3.2.0/HikariCP-3.2.0-sources.jar","javadocContainerUrl":"file:/C:/Users/kmin0/.m2/repository/com/zaxxer/HikariCP/3.2.0/HikariCP-3.2.0-javadoc.jar","isSystem":false,"isOwn":false,"isTest":false,"isJavaContent":false},{"kind":"binary","path":"C:\\Users\\kmin0\\.m2\\repository\\org\\springframework\\spring-jdbc\\5.1.10.RELEASE\\spring-jdbc-5.1.10.RELEASE.jar","sourceContainerUrl":"file:/C:/Users/kmin0/.m2/repository/org/springframework/spring-jdbc/5.1.10.RELEASE/spring-jdbc-5.1.10.RELEASE-sources.jar","javadocContainerUrl":"file:/C:/Users/kmin0/.m2/repository/org/springframework/spring-jdbc/5.1.10.RELEASE/spring-jdbc-5.1.10.RELEASE-javadoc.jar","isSystem":false,"isOwn":false,"isTest":false,"isJavaContent":false},{"kind":"binary","path":"C:\\Users\\kmin0\\.m2\\repository\\org\\springframework\\spring-tx\\5.1.10.RELEASE\\spring-tx-5.1.10.RELEASE.jar","sourceContainerUrl":"file:/C:/Users/kmin0/.m2/repository/org/springframework/spring-tx/5.1.10.RELEASE/spring-tx-5.1.10.RELEASE-sources.jar","javadocContainerUrl":"file:/C:/Users/kmin0/.m2/repository/org/springframework/spring-tx/5.1.10.RELEASE/spring-tx-5.1.10.RELEASE-javadoc.jar","isSystem":false,"isOwn":false,"isTest":false,"isJavaContent":false},{"kind":"binary","path":"C:\\Users\\kmin0\\.m2\\repository\\org\\mybatis\\mybatis-spring\\1.3.0\\mybatis-spring-1.3.0.jar","sourceContainerUrl":"file:/C:/Users/kmin0/.m2/repository/org/mybatis/mybatis-spring/1.3.0/mybatis-spring-1.3.0-sources.jar","javadocContainerUrl":"file:/C:/Users/kmin0/.m2/repository/org/mybatis/mybatis-spring/1.3.0/mybatis-spring-1.3.0-javadoc.jar","isSystem":false,"isOwn":false,"isTest":false,"isJavaContent":false},{"kind":"binary","path":"C:\\Users\\kmin0\\.m2\\repository\\org\\mybatis\\mybatis\\3.4.2\\mybatis-3.4.2.jar","sourceContainerUrl":"file:/C:/Users/kmin0/.m2/repository/org/mybatis/mybatis/3.4.2/mybatis-3.4.2-sources.jar","javadocContainerUrl":"file:/C:/Users/kmin0/.m2/repository/org/mybatis/mybatis/3.4.2/mybatis-3.4.2-javadoc.jar","isSystem":false,"isOwn":false,"isTest":false,"isJavaContent":false},{"kind":"binary","path":"C:\\Users\\kmin0\\.m2\\repository\\org\\springframework\\boot\\spring-boot-starter-data-jdbc\\2.1.9.RELEASE\\spring-boot-starter-data-jdbc-2.1.9.RELEASE.jar","sourceContainerUrl":"file:/C:/Users/kmin0/.m2/repository/org/springframework/boot/spring-boot-starter-data-jdbc/2.1.9.RELEASE/spring-boot-starter-data-jdbc-2.1.9.RELEASE-sources.jar","isSystem":false,"isOwn":false,"isTest":false,"isJavaContent":false},{"kind":"binary","path":"C:\\Users\\kmin0\\.m2\\repository\\org\\springframework\\data\\spring-data-jdbc\\1.0.11.RELEASE\\spring-data-jdbc-1.0.11.RELEASE.jar","sourceContainerUrl":"file:/C:/Users/kmin0/.m2/repository/org/springframework/data/spring-data-jdbc/1.0.11.RELEASE/spring-data-jdbc-1.0.11.RELEASE-sources.jar","javadocContainerUrl":"file:/C:/Users/kmin0/.m2/repository/org/springframework/data/spring-data-jdbc/1.0.11.RELEASE/spring-data-jdbc-1.0.11.RELEASE-javadoc.jar","isSystem":false,"isOwn":false,"isTest":false,"isJavaContent":false},{"kind":"binary","path":"C:\\Users\\kmin0\\.m2\\repository\\org\\springframework\\data\\spring-data-commons\\2.1.11.RELEASE\\spring-data-commons-2.1.11.RELEASE.jar","sourceContainerUrl":"file:/C:/Users/kmin0/.m2/repository/org/springframework/data/spring-data-commons/2.1.11.RELEASE/spring-data-commons-2.1.11.RELEASE-sources.jar","javadocContainerUrl":"file:/C:/Users/kmin0/.m2/repository/org/springframework/data/spring-data-commons/2.1.11.RELEASE/spring-data-commons-2.1.11.RELEASE-javadoc.jar","isSystem":false,"isOwn":false,"isTest":false,"isJavaContent":false},{"kind":"binary","path":"C:\\Users\\kmin0\\.m2\\repository\\jstl\\jstl\\1.2\\jstl-1.2.jar","isSystem":false,"isOwn":false,"isTest":false,"isJavaContent":false},{"kind":"binary","path":"C:\\Users\\kmin0\\.m2\\repository\\com\\fasterxml\\jackson\\dataformat\\jackson-dataformat-xml\\2.9.9\\jackson-dataformat-xml-2.9.9.jar","sourceContainerUrl":"file:/C:/Users/kmin0/.m2/repository/com/fasterxml/jackson/dataformat/jackson-dataformat-xml/2.9.9/jackson-dataformat-xml-2.9.9-sources.jar","javadocContainerUrl":"file:/C:/Users/kmin0/.m2/repository/com/fasterxml/jackson/dataformat/jackson-dataformat-xml/2.9.9/jackson-dataformat-xml-2.9.9-javadoc.jar","isSystem":false,"isOwn":false,"isTest":false,"isJavaContent":false},{"kind":"binary","path":"C:\\Users\\kmin0\\.m2\\repository\\com\\fasterxml\\jackson\\core\\jackson-core\\2.9.9\\jackson-core-2.9.9.jar","sourceContainerUrl":"file:/C:/Users/kmin0/.m2/repository/com/fasterxml/jackson/core/jackson-core/2.9.9/jackson-core-2.9.9-sources.jar","javadocContainerUrl":"file:/C:/Users/kmin0/.m2/repository/com/fasterxml/jackson/core/jackson-core/2.9.9/jackson-core-2.9.9-javadoc.jar","isSystem":false,"isOwn":false,"isTest":false,"isJavaContent":false},{"kind":"binary","path":"C:\\Users\\kmin0\\.m2\\repository\\com\\fasterxml\\jackson\\core\\jackson-annotations\\2.9.0\\jackson-annotations-2.9.0.jar","sourceContainerUrl":"file:/C:/Users/kmin0/.m2/repository/com/fasterxml/jackson/core/jackson-annotations/2.9.0/jackson-annotations-2.9.0-sources.jar","javadocContainerUrl":"file:/C:/Users/kmin0/.m2/repository/com/fasterxml/jackson/core/jackson-annotations/2.9.0/jackson-annotations-2.9.0-javadoc.jar","isSystem":false,"isOwn":false,"isTest":false,"isJavaContent":false},{"kind":"binary","path":"C:\\Users\\kmin0\\.m2\\repository\\com\\fasterxml\\jackson\\module\\jackson-module-jaxb-annotations\\2.9.9\\jackson-module-jaxb-annotations-2.9.9.jar","sourceContainerUrl":"file:/C:/Users/kmin0/.m2/repository/com/fasterxml/jackson/module/jackson-module-jaxb-annotations/2.9.9/jackson-module-jaxb-annotations-2.9.9-sources.jar","javadocContainerUrl":"file:/C:/Users/kmin0/.m2/repository/com/fasterxml/jackson/module/jackson-module-jaxb-annotations/2.9.9/jackson-module-jaxb-annotations-2.9.9-javadoc.jar","isSystem":false,"isOwn":false,"isTest":false,"isJavaContent":false},{"kind":"binary","path":"C:\\Users\\kmin0\\.m2\\repository\\org\\codehaus\\woodstox\\stax2-api\\3.1.4\\stax2-api-3.1.4.jar","sourceContainerUrl":"file:/C:/Users/kmin0/.m2/repository/org/codehaus/woodstox/stax2-api/3.1.4/stax2-api-3.1.4-sources.jar","javadocContainerUrl":"file:/C:/Users/kmin0/.m2/repository/org/codehaus/woodstox/stax2-api/3.1.4/stax2-api-3.1.4-javadoc.jar","isSystem":false,"isOwn":false,"isTest":false,"isJavaContent":false},{"kind":"binary","path":"C:\\Users\\kmin0\\.m2\\repository\\com\\fasterxml\\woodstox\\woodstox-core\\5.0.3\\woodstox-core-5.0.3.jar","sourceContainerUrl":"file:/C:/Users/kmin0/.m2/repository/com/fasterxml/woodstox/woodstox-core/5.0.3/woodstox-core-5.0.3-sources.jar","javadocContainerUrl":"file:/C:/Users/kmin0/.m2/repository/com/fasterxml/woodstox/woodstox-core/5.0.3/woodstox-core-5.0.3-javadoc.jar","isSystem":false,"isOwn":false,"isTest":false,"isJavaContent":false},{"kind":"binary","path":"C:\\Users\\kmin0\\.m2\\repository\\org\\apache\\httpcomponents\\httpclient\\4.5.6\\httpclient-4.5.6.jar","sourceContainerUrl":"file:/C:/Users/kmin0/.m2/repository/org/apache/httpcomponents/httpclient/4.5.6/httpclient-4.5.6-sources.jar","javadocContainerUrl":"file:/C:/Users/kmin0/.m2/repository/org/apache/httpcomponents/httpclient/4.5.6/httpclient-4.5.6-javadoc.jar","isSystem":false,"isOwn":false,"isTest":false,"isJavaContent":false},{"kind":"binary","path":"C:\\Users\\kmin0\\.m2\\repository\\org\\apache\\httpcomponents\\httpcore\\4.4.12\\httpcore-4.4.12.jar","sourceContainerUrl":"file:/C:/Users/kmin0/.m2/repository/org/apache/httpcomponents/httpcore/4.4.12/httpcore-4.4.12-sources.jar","javadocContainerUrl":"file:/C:/Users/kmin0/.m2/repository/org/apache/httpcomponents/httpcore/4.4.12/httpcore-4.4.12-javadoc.jar","isSystem":false,"isOwn":false,"isTest":false,"isJavaContent":false},{"kind":"binary","path":"C:\\Users\\kmin0\\.m2\\repository\\commons-codec\\commons-codec\\1.11\\commons-codec-1.11.jar","sourceContainerUrl":"file:/C:/Users/kmin0/.m2/repository/commons-codec/commons-codec/1.11/commons-codec-1.11-sources.jar","javadocContainerUrl":"file:/C:/Users/kmin0/.m2/repository/commons-codec/commons-codec/1.11/commons-codec-1.11-javadoc.jar","isSystem":false,"isOwn":false,"isTest":false,"isJavaContent":false},{"kind":"binary","path":"C:\\Users\\kmin0\\.m2\\repository\\com\\googlecode\\json-simple\\json-simple\\1.1.1\\json-simple-1.1.1.jar","sourceContainerUrl":"file:/C:/Users/kmin0/.m2/repository/com/googlecode/json-simple/json-simple/1.1.1/json-simple-1.1.1-sources.jar","javadocContainerUrl":"file:/C:/Users/kmin0/.m2/repository/com/googlecode/json-simple/json-simple/1.1.1/json-simple-1.1.1-javadoc.jar","isSystem":false,"isOwn":false,"isTest":false,"isJavaContent":false},{"kind":"binary","path":"C:\\Users\\kmin0\\.m2\\repository\\org\\codehaus\\jackson\\jackson-mapper-asl\\1.9.13\\jackson-mapper-asl-1.9.13.jar","sourceContainerUrl":"file:/C:/Users/kmin0/.m2/repository/org/codehaus/jackson/jackson-mapper-asl/1.9.13/jackson-mapper-asl-1.9.13-sources.jar","javadocContainerUrl":"file:/C:/Users/kmin0/.m2/repository/org/codehaus/jackson/jackson-mapper-asl/1.9.13/jackson-mapper-asl-1.9.13-javadoc.jar","isSystem":false,"isOwn":false,"isTest":false,"isJavaContent":false},{"kind":"binary","path":"C:\\Users\\kmin0\\.m2\\repository\\org\\codehaus\\jackson\\jackson-core-asl\\1.9.13\\jackson-core-asl-1.9.13.jar","sourceContainerUrl":"file:/C:/Users/kmin0/.m2/repository/org/codehaus/jackson/jackson-core-asl/1.9.13/jackson-core-asl-1.9.13-sources.jar","javadocContainerUrl":"file:/C:/Users/kmin0/.m2/repository/org/codehaus/jackson/jackson-core-asl/1.9.13/jackson-core-asl-1.9.13-javadoc.jar","isSystem":false,"isOwn":false,"isTest":false,"isJavaContent":false},{"kind":"binary","path":"C:\\Users\\kmin0\\.m2\\repository\\com\\fasterxml\\jackson\\core\\jackson-databind\\2.9.5\\jackson-databind-2.9.5.jar","sourceContainerUrl":"file:/C:/Users/kmin0/.m2/repository/com/fasterxml/jackson/core/jackson-databind/2.9.5/jackson-databind-2.9.5-sources.jar","javadocContainerUrl":"file:/C:/Users/kmin0/.m2/repository/com/fasterxml/jackson/core/jackson-databind/2.9.5/jackson-databind-2.9.5-javadoc.jar","isSystem":false,"isOwn":false,"isTest":false,"isJavaContent":false},{"kind":"binary","path":"C:\\Users\\kmin0\\.m2\\repository\\com\\google\\code\\gson\\gson\\2.8.5\\gson-2.8.5.jar","sourceContainerUrl":"file:/C:/Users/kmin0/.m2/repository/com/google/code/gson/gson/2.8.5/gson-2.8.5-sources.jar","javadocContainerUrl":"file:/C:/Users/kmin0/.m2/repository/com/google/code/gson/gson/2.8.5/gson-2.8.5-javadoc.jar","isSystem":false,"isOwn":false,"isTest":false,"isJavaContent":false},{"kind":"binary","path":"C:\\Users\\kmin0\\.m2\\repository\\org\\json\\json\\20180813\\json-20180813.jar","sourceContainerUrl":"file:/C:/Users/kmin0/.m2/repository/org/json/json/20180813/json-20180813-sources.jar","javadocContainerUrl":"file:/C:/Users/kmin0/.m2/repository/org/json/json/20180813/json-20180813-javadoc.jar","isSystem":false,"isOwn":false,"isTest":false,"isJavaContent":false},{"kind":"source","path":"C:\\Users\\kmin0\\Documents\\workspace-spring-tool-suite-4-4.3.2.RELEASE\\tour\\src\\main\\java","outputFolder":"C:\\Users\\kmin0\\Documents\\workspace-spring-tool-suite-4-4.3.2.RELEASE\\tour\\target\\classes","javadocContainerUrl":"file:/C:/Users/kmin0/Documents/workspace-spring-tool-suite-4-4.3.2.RELEASE/tour/target/site/apidocs","isSystem":false,"isOwn":true,"isTest":false,"isJavaContent":true},{"kind":"source","path":"C:\\Users\\kmin0\\Documents\\workspace-spring-tool-suite-4-4.3.2.RELEASE\\tour\\src\\test\\java","outputFolder":"C:\\Users\\kmin0\\Documents\\workspace-spring-tool-suite-4-4.3.2.RELEASE\\tour\\target\\test-classes","javadocContainerUrl":"file:/C:/Users/kmin0/Documents/workspace-spring-tool-suite-4-4.3.2.RELEASE/tour/target/site/apidocs","isSystem":false,"isOwn":true,"isTest":true,"isJavaContent":true},{"kind":"source","path":"C:\\Users\\kmin0\\Documents\\workspace-spring-tool-suite-4-4.3.2.RELEASE\\tour\\src\\main\\resources","outputFolder":"C:\\Users\\kmin0\\Documents\\workspace-spring-tool-suite-4-4.3.2.RELEASE\\tour\\target\\classes","isSystem":false,"isOwn":true,"isTest":false,"isJavaContent":false},{"kind":"source","path":"C:\\Users\\kmin0\\Documents\\workspace-spring-tool-suite-4-4.3.2.RELEASE\\tour\\src\\test\\resources","outputFolder":"C:\\Users\\kmin0\\Documents\\workspace-spring-tool-suite-4-4.3.2.RELEASE\\tour\\target\\test-classes","isSystem":false,"isOwn":true,"isTest":true,"isJavaContent":false},{"kind":"source","path":"C:\\Users\\kmin0\\Documents\\workspace-spring-tool-suite-4-4.3.2.RELEASE\\tour\\src\\test\\java","outputFolder":"C:\\Users\\kmin0\\Documents\\workspace-spring-tool-suite-4-4.3.2.RELEASE\\tour\\target\\test-classes","javadocContainerUrl":"file:/C:/Users/kmin0/Documents/workspace-spring-tool-suite-4-4.3.2.RELEASE/tour/target/site/apidocs","isSystem":false,"isOwn":true,"isTest":false,"isJavaContent":false}]}